date,category,amount
1/5/2025 2:40,Sports,72.94
1/1/2025 2:27,Travel,281.89
1/9/2025 16:59,Hotel,217.86
1/5/2025 15:05,Cab,10.95
1/8/2025 22:59,cafe,5.66
1/10/2025 6:20,TAXI,46.21
1/14/2025 6:41,Misc,46.61
1/17/2025 6:01,Restaurent,68.07
1/15/2025 2:46,Sport,119.34
1/16/2025 2:38,Restaurant,67.21
1/12/2025 20:36,Market,15.96
1/18/2025 12:26,education,221.56
1/15/2025 16:16,supermarket,78.17
1/12/2025 5:18,MOTEL,181.45
1/25/2025 11:58,supermarket,37.57
1/28/2025 2:56,rental,466.24
1/27/2025 10:29,Supermarket,112.03
1/21/2025 11:48,TRAVEL,388.1
1/26/2025 20:35,Business_Lunch,45.62
1-Apr-25,miscellaneous,191.66
1-Jul-25,Event,77.82
1-Sep-25,EVENT,174.2
1/5/2025,fuel,92.01
1/6/2025,Restaurent,44.35
1/9/2025,Travel,N/A
1/1/2025,Other,146.93
1/12/2025,resto,38.4
1/10/2025,film,
1/11/2025,COFFEE,3.05
2/7/2025 10:57,Cab,40.63
2/5/2025 13:34,resto,52.67
2/3/2025 22:03,business lunch,50.68
2/8/2025 16:48,Misc,
2/6/2025 5:48,transport,6.84
2/13/2025 19:06,gas,unknown
2/17/2025 13:34,RESTAURANT,36.15
2/19/2025 20:56,Film,49.46
2/10/2025 13:59,TRAVEL,715.36
2/15/2025 1:37,Restuarant,23.58
2/16/2025 23:31,Market,104.08
2/25/2025 14:00,FUEL,56.02
2/25/2025 19:57,Film,22.93
2/24/2025 17:28,event,33.68
2-Aug-25,cafe,7.9
2-Feb-25,Transports,7.44
2-Jul-25,travel,239.87
2-Nov-25,business_lunch,27.37
2/3/2025,Misc,84.93
2/1/2025,RENT,1116.13
3/1/2025 18:17,Transports,8.69
3/8/2025 9:04,Restuarant,12.07
3/15/2025 23:12,Coffee,7.36
3/12/2025 14:23,rent car,161.05
3/16/2025 1:38,clothing,97.66
3/12/2025 5:32,business lunch,102.23
3/19/2025 0:34,Restaurent,9.08
3/29/2025 15:15,taxi,47.25
3/28/2025 15:37,Film,57.37
3/24/2025 9:36,Learning,83.77
3-Jun-25,OTHER,187.68
3-May-25,Travelling,641
3-Nov-25,supermarket,71
3-Sep-25,transport,20.1
3/2/2025,TAXI,18.1
4/8/2025 22:52,clothing,86.12
4/5/2025 7:47,cafe,6.97
4/3/2025 16:59,TAXI,49.86
4/8/2025 14:43,Rent,568.22
4/16/2025 10:31,Restaurant,45.91
4/14/2025 20:36,Fuel,36.7
4/15/2025 6:54,Taxi,14.28
4/12/2025 8:34,supermarket,19.06
4/10/2025 10:14,tech,499.51
4/24/2025 6:49,health,218.78
4/24/2025 4:07,travel,470.85
4/30/2025 16:35,Other,22.2
4/30/2025 11:30,rent car,35.86
4-Jun-25,TRANSPORT,24.56
4-Mar-25,Transports,-31.23
4-May-25,Taxi,5.91
4-Sep-25,rental,
4/2/2025,Other,93.41
4/1/2025,MOTEL,-19.31
4/5/2025,supermarket,83.17
4/1/2025,Restuarant,22.55
4/4/2025,COMMUNAL,158.75
4/6/2025,Mobile,23.54
4/3/2025,Misc,83.25
4/10/2025,cafe,unknown
5/2/2025 23:49,EVENT,63.78
5/1/2025 0:45,MARKET,102.8
5/3/2025 20:50,Coffe,5.53
5/9/2025 9:50,Clothes,96.09
5/11/2025 7:28,car rental,144.16
5/12/2025 20:06,Market,8.38
5/12/2025 16:33,Sports,147
5/18/2025 12:33,fuel,81.42
5/10/2025 23:24,HEALTH,235.44
5/28/2025 6:59,MOTEL,212.63
5/27/2025 12:54,market,9.43
5-Oct-25,Restaurent,57.53
5/5/2025,cab,40.72
5/6/2025,Phone,15.19
5/4/2025,Taxi,-14.54
5/5/2025,Biz Lunch,78.59
5/6/2025,rental,694.21
5/5/2025,cafe,3.92
5/11/2025,transport,22.19
5/12/2025,SPORT,27.89
5/10/2025,RESTAURANT,68.36
5/10/2025,TECH,1691.93
6/3/2025 8:22,Market,-24.23
6/3/2025 13:19,RESTAURANT,18.88
6/5/2025 13:10,EVENT,36
6/9/2025 5:15,Clothes,79.64
6/1/2025 21:12,supermarket,119.96
6/7/2025 0:22,MARKET,108.53
6/5/2025 13:53,Restaurent,53.79
6/15/2025 6:12,Transportation,21.24
6/14/2025 13:00,Phone Bill,25.36
6/19/2025 12:41,Cafe,8.18
6/17/2025 13:04,education,328.05
6/13/2025 6:51,RentCar,187.89
6/11/2025 0:32,FUEL,92.97
6/11/2025 18:10,Other,
6/27/2025 12:22,Entertainment,27.02
6/21/2025 16:33,cab,49.75
6/25/2025 6:27,Supermarket,52.71
6-Feb-25,Car Rental,37.87
6-Mar-25,transport,9.33
6-Oct-25,MARKET,53.45
6-Sep-25,CLOTHING,281.14
6/1/2025,coffee,8.59
6/11/2025,market,41.6
6/12/2025,travel,487.81
6/10/2025,Rent Car,94.78
7/6/2025 13:27,coffee,3.06
7/6/2025 20:48,Cafe,2.29
7/8/2025 18:04,PHONE,13.02
7/7/2025 11:05,Mobile,23.57
7/15/2025 16:51,Supermarket,33.77
7/15/2025 1:47,RESTAURANT,14.05
7/18/2025 8:34,cafe,7.46
7/23/2025 12:05,Biz Lunch,114.31
7/21/2025 17:51,Restuarant,73.45
7/25/2025 9:46,Sports,97.82
7/31/2025 3:28,Sport,140.55
7-Aug-25,Motel,206.21
7-Aug-25,Film/Enjoyment,57.97
7-Apr-25,market,39.63
7-Dec-25,supermarket,23.26
7-Jun-25,FUEL,38.79
7-Mar-25,Supermarket,99.7
7-May-25,Sport,61.8
7/9/2025,Entertainment,25.95
7/6/2025,transport,18.88
7/10/2025,Transportation,4.86
7/12/2025,restaurant,71.08
7/12/2025,Restuarant,66.84
8/9/2025 4:11,miscellaneous,59.02
8/8/2025 3:02,supermarket,92.25
8/8/2025 19:29,Car Rental,-45.62
8/2/2025 12:54,RESTAURANT,28.97
8/6/2025 21:25,Restaurant,17.53
8/2/2025 7:00,Transport,8.83
8/6/2025 0:41,film,28.4
8/17/2025 22:47,Entertainment,12.66
8/28/2025 6:18,Clothes,59.5
8/27/2025 6:27,Transports,7.55
8/20/2025 7:58,taxi,30.55
8/24/2025 21:11,coffee,7.07
8/27/2025 1:40,Market,114.81
8/20/2025 4:35,taxi,44.04
8/30/2025 18:38,Clothing,107.65
8-Nov-25,communal,86.19
8/3/2025,Cafe,2.56
8/1/2025,RENT,1159
8/1/2025,Communal,61.08
8/9/2025,Transportation,16.61
8/1/2025,market,92.54
8/4/2025,fuel,20.07
8/11/2025,Market,17.11
8/11/2025,restaurant,22.24
8/10/2025,Restaurent,-34.35
8/11/2025,technology,1985.98
9/2/2025 6:15,Restaurent,23.21
9/1/2025 17:55,restaurant,52.61
9/3/2025 6:33,Mobile,31.2
9/17/2025 12:35,healthcare,45.54
9/16/2025 22:35,miscellaneous,174.37
9/13/2025 21:13,transport,26.75
9/17/2025 15:46,RESTAURANT,53.43
9/17/2025 5:24,supermarket,6.78
9/12/2025 8:55,cafe,3.51
9/22/2025 11:30,Restuarant,51.29
9/22/2025 2:45,Restaurant,15.57
9/20/2025 14:07,taxi,33.1
9-Aug-25,Transportation,11.98
9-Aug-25,Restaurant,34.98
9-Dec-25,clothes,285.72
9-Oct-25,Fuel,96.23
9/3/2025,Restaurent,47.54
9/4/2025,supermarket,46.44
9/12/2025,transport,6.02
9/12/2025,Market,103.96
10/10/2025 11:15,Restaurent,-37.9
10/16/2025 8:10,Rent Car,68.16
10/15/2025 7:03,Cab,28.21
10/18/2025 14:51,PHONE,47.16
10/15/2025 22:34,Transports,4.8
10/11/2025 1:52,Clothing,156.34
10/26/2025 14:35,OTHER,128.04
10/21/2025 12:46,Transports,18.58
10/25/2025 15:18,COMMUNAL,70.17
10/31/2025 7:01,communal,185.95
10-Apr-25,utilities,125.33
10/4/2025,Phone,57.2
10/8/2025,Transports,??
10/7/2025,TAXI,46.99
10/10/2025,Healthcare,247.49
11/6/2025 11:16,restaurant,19.57
11/9/2025 2:10,Event,151.4
11/10/2025 5:37,RentCar,80.76
11/14/2025 15:49,Phone Bill,57.7
11/25/2025 22:55,sports,56.44
11/28/2025 17:44,PHONE,32.73
11/26/2025 16:04,coffee,3.73
11/20/2025 10:15,taxi,28.38
11/25/2025 11:06,car rental,66.26
11-Aug-25,Transport,25.46
11-Apr-25,car rental,190.72
11-May-25,Gas,-10.7
11-Mar-25,business_lunch,53.94
11-Sep-25,Market,36.52
11/2/2025,Transportation,unknown
11/12/2025,travel,397.38
11/11/2025,RESTAURANT,-27.31
12/7/2025 8:33,supermarket,79.93
12/2/2025 9:35,Utilities,55.21
12/1/2025 16:51,RESTAURANT,73.44
12/4/2025 11:24,resto,48.27
12/15/2025 17:51,resto,
12/12/2025 12:02,Utilities,147.2
12/18/2025 22:08,TAXI,34.69
12/27/2025 7:11,Film,44.58
12/28/2025 16:55,PHONE,25.03
12/29/2025 5:20,EVENT,137.46
12/20/2025 18:08,cafe,
12/24/2025 16:07,taxi,7.05
12/30/2025 2:56,market,118.8
12-Aug-25,Communal,98.9
12-Jun-25,COFFEE,-2.69
12-Nov-25,Transport,22.39
12/8/2025,Transportation,29.87
12/7/2025,Restaurent,13.49
12/4/2025,Entertainment,32.04
12/9/2025,market,111.28
12/12/2025,gas,94.86
13-Jun-25,Market,40.49
13-Mar-25,Market,118.74
13-Nov-25,COFFEE,7.39
13-Sep-25,miscellaneous,20.36
13/07/2025,film,24.4
13/05/2025,utilities,66.29
13/07/2025,HEALTH,14.99
13/09/2025,RESTAURANT,76.12
13/11/2025,OTHER,-28.37
14/06/2025,Transportation,
14/06/2025,transport,unknown
14/05/2025,Travel,N/A
14/06/2025,RENT,638.87
14/03/2025,Supermarket,
15-Apr-25,film,13.84
15-Aug-25,OTHER,195.56
15-Apr-25,Technology,1071.51
15-Dec-25,communal,164.33
15-Feb-25,phone,35.98
15-Jan-25,Cafe,3.54
15-Jan-25,Restuarant,47.45
15/06/2025,supermarket,9.21
15/06/2025,supermarket,18.51
15/09/2025,TRANSPORT,5.47
15/10/2025,market,36.19
15/10/2025,market,43.24
15/10/2025,Market,58
15/12/2025,film,30.53
16-Jul-25,Mobile,13.29
16-Oct-25,resto,60.86
16/05/2025,Entertainment,10.32
16/08/2025,market,19.29
16/07/2025,PHONE,-13.94
17-Aug-25,supermarket,18.51
17-Jun-25,miscellaneous,164.56
17-Jun-25,transport,20.48
17-May-25,Mobile,58.45
17-Oct-25,gas,92.64
17/01/2025,Clothing,180.01
17/08/2025,coffee,2.01
17/07/2025,restaurant,63
17/01/2025,clothing,252.54
17/12/2025,Taxi,14.08
18-Dec-25,Transport,13.31
18-Jan-25,rent car,154.54
18-Oct-25,HEALTH,17.53
18/01/2025,PHONE,23.3
18/06/2025,taxi,40.18
18/05/2025,cafe,
18/04/2025,Sport,111.57
19-Apr-25,Phone,??
19-Jul-25,clothes,93.82
19-Sep-25,gas,79.17
19/06/2025,Education,430.19
19/02/2025,Coffe,8.29
19/02/2025,transport,23.3
19/10/2025,Utilities,117.14
20-Aug-25,Restaurent,27.29
20/06/2025,RESTAURANT,35.89
20/07/2025,TRANSPORT,7.83
20/01/2025,Phone Bill,57.36
20/02/2025,business lunch,100.66
20/08/2025,taxi,25.31
20/04/2025,MARKET,
20/10/2025,TAXI,15.6
2025-01-16 08:58:37 +0000,Coffee,7.88
6/15/2025,COFFEE,2.15
2025-08-19 00:32:15 +0000,Motel,68.31
9/8/2025,car rental,81
2025-02-09 17:19:37 +0000,phone,27.09
1/22/2025,PHONE,46.27
2025-07-24 14:25:08 +0000,phone,36.74
2025-09-11 07:44:26 +0000,event,-7.36
6/22/2025,travel,707.34
2025-07-02 13:22:33 +0000,Travel,257.76
2025-11-10 05:04:26 +0000,film/enjoyment,25.94
2025-07-08 05:10:54 +0000,TECH,48.4
2025-11-30 15:36:15 +0000,Supermarket,17.67
20251009,film/enjoyment,33.9
2025-08-07 19:46:40 +0000,health,202.68
2025-07-24 21:57:36 +0000,Coffee,7.83
20250422,transport,27.37
2025-07-24 02:58:12 +0000,Coffee,2.76
2025-04-30 12:54:28 +0000,Cab,15.9
2025-10-25 05:12:07 +0000,rent car,88.26
20250823,Events,188.43
2025-08-06 19:38:43 +0000,Transports,25.41
2025-05-09 10:30:59 +0000,Coffe,8.68
12/14/2025,Supermarket,24.58
12/2/2025,film,39.95
2025-12-13 17:51:50 +0000,Biz Lunch,79.75
2025-03-28 15:51:08 +0000,TRANSPORT,
20250920,Film/Enjoyment,22.71
2025-10-12 16:08:41 +0000,Coffe,9.19
20250819,cafe,8.89
2025-04-23 10:01:05 +0000,resto,14.69
20251214,misc,142.32
1/25/2025,taxi,??
2025-04-21 07:27:34 +0000,Transports,17.93
2025-10-23 23:56:29 +0000,Event,156.66
2025-12-17 12:07:02 +0000,MARKET,80.6
20251030,supermarket,108.35
6/24/2025,transport,19.75
2/19/2025,Transports,13.02
2025-12-22 12:45:10 +0000,COMMUNAL,166.99
20250820,RENT,422.77
20251006,Misc,199.94
2025-10-25 21:38:46 +0000,Clothes,227.52
20250302,Mobile,33.01
2025-09-20 14:02:41 +0000,Cafe,3.4
2025-10-22 23:36:28 +0000,restaurant,55.44
20250714,Education,
2025-11-14 02:45:42 +0000,Car Rental,130.97
20250517,travel,93.39
20250503,business_lunch,49.25
1/15/2025,supermarket,15.8
2025-01-29 13:49:15 +0000,rent car,-18.87
2025-06-21 20:22:56 +0000,Transports,28.12
2025-03-20 06:21:43 +0000,business lunch,40.52
2025-02-02 09:03:33 +0000,Restaurant,
5/23/2025,resto,73
7/28/2025,market,63.32
20251221,PHONE,53.17
20250220,transport,21.31
2025-04-27 06:25:29 +0000,Events,N/A
2025-04-21 10:25:43 +0000,Market,13.96
2025-03-24 19:03:04 +0000,Restaurent,52.84
2025-12-19 07:38:07 +0000,Market,86.96
20251203,CLOTHING,86.8
2025-10-12 13:34:55 +0000,COMMUNAL,138.87
2025-05-01 17:36:43 +0000,RESTAURANT,16.25
2025-02-16 23:53:55 +0000,Market,86.67
20250923,Transportation,25.26
2025-05-04 17:38:00 +0000,MARKET,-4.66
2025-09-05 18:46:31 +0000,Taxi,
2025-12-12 11:00:01 +0000,cafe,4.61
8/24/2025,miscellaneous,123.26
20250603,sports,118.57
2025-08-22 23:48:54 +0000,supermarket,100.94
10/2/2025,film,43.84
2025-12-27 14:50:45 +0000,Business_Lunch,76.81
2025-10-24 05:57:24 +0000,Hotel,111.24
2025-01-19 20:33:57 +0000,MARKET,16.66
20251024,Restuarant,26.9
2025-12-02 04:00:39 +0000,RESTAURANT,-9.98
2025-07-11 01:55:08 +0000,Transportation,23.43
20250108,Health,64.65
9/10/2025,Travelling,543.63
2025-07-04 12:05:12 +0000,Communal,73.35
1/6/2025,transport,28.48
2/24/2025,gas,45.26
8/26/2025,Clothes,263.77
20250916,hotel,215.03
20251105,Tech,N/A
2025-07-23 17:56:23 +0000,resto,-48.47
2025-12-04 07:01:12 +0000,RESTAURANT,-48.34
2025-12-18 23:18:14 +0000,Technology,2229.41
4/16/2025,PHONE,20.27
20250609,TRANSPORT,23.29
2025-12-18 09:55:56 +0000,Business_Lunch,
2025-03-05 19:55:39 +0000,FUEL,44.78
10/28/2025,Transports,22.69
2025-05-29 08:47:49 +0000,Cafe,6.19
2025-03-20 15:54:06 +0000,business lunch,22.96
2025-06-10 13:49:13 +0000,Coffe,3.13
2025-03-01 06:24:21 +0000,MARKET,13.52
20251217,Rental,??
2025-09-01 17:20:18 +0000,Learning,168.95
20250916,Entertainment,45.91
2025-11-11 17:00:22 +0000,Clothing,173.1
2025-10-29 11:22:00 +0000,hotel,N/A
7/16/2025,Market,67.37
2025-05-22 21:28:41 +0000,Coffee,2.62
2025-04-02 22:06:18 +0000,SPORT,10.44
2025-03-02 02:31:38 +0000,Hotel,207.75
20250922,RENT,1017.67
2025-07-02 22:26:35 +0000,Motel,178.23
20250505,MARKET,21.35
20250609,Coffe,7.05
2025-09-09 00:31:43 +0000,Restuarant,79.45
2025-09-23 14:55:42 +0000,Restaurent,48.54
2025-05-12 01:12:35 +0000,Restuarant,46.24
5/10/2025,Other,73.59
20250706,supermarket,32.75
20250412,Coffe,4.15
2025-04-10 02:33:59 +0000,health,117.98
20250125,Other,196.7
5/27/2025,resto,??
2025-10-06 00:21:40 +0000,Coffee,5.81
2025-03-27 14:31:40 +0000,Market,81.76
2025-02-11 14:56:10 +0000,LEARNING,
2025-03-28 11:25:12 +0000,Coffe,-37.06
2025-04-14 23:25:56 +0000,Supermarket,55.06
20250605,Hotel,212.48
20250511,RESTAURANT,57.08
2025-03-24 02:12:19 +0000,car rental,105.26
20250406,Supermarket,7.59
20250813,clothing,249.66
2025-08-24 22:43:04 +0000,supermarket,
2025-12-28 03:26:07 +0000,Transportation,6.41
2025-05-15 14:01:00 +0000,Education,-20.04
2025-06-03 22:00:05 +0000,EVENT,179.48
2025-09-08 09:13:05 +0000,restaurant,49.37
2025-02-09 23:59:29 +0000,Mobile,33.59
12/14/2025,sports,53.75
2025-05-22 16:26:35 +0000,supermarket,48.92
1/23/2025,resto,34.38
2025-08-26 08:26:49 +0000,Tech,558.62
2025-08-22 23:08:01 +0000,Car Rental,62.76
2025-07-04 21:29:06 +0000,Sports,104.88
10/26/2025,OTHER,82.91
2025-04-26 13:14:00 +0000,Business_Lunch,42.78
2025-12-25 09:52:25 +0000,sports,78.09
20250313,MARKET,46.42
8/7/2025,Biz Lunch,105.35
9/28/2025,RESTAURANT,79.39
2025-09-23 19:55:41 +0000,Tech,811.51
2025-05-20 02:18:00 +0000,Fuel,55.72
2025-11-02 20:49:10 +0000,OTHER,132.25
2025-12-12 19:17:14 +0000,Entertainment,53.23
2025-08-22 04:05:09 +0000,OTHER,98.64
2025-10-29 14:21:28 +0000,Restuarant,47.84
2025-06-28 01:00:41 +0000,clothes,
2025-06-29,transport,11.74
2025-12-18 10:39:29 +0000,COMMUNAL,141.38
5/27/2025,Other,183.27
20250416,Restaurent,??
2025-12-09 16:05:17 +0000,other,-25.88
2025-11-27 06:17:01 +0000,fuel,83.43
2025-12-06 06:31:59 +0000,rent,720.01
2025-06-24 22:18:58 +0000,RESTAURANT,37.47
2025-03-13 14:03:16 +0000,Restuarant,43.7
2025-08-02 09:48:40 +0000,market,97.16
2025-07-23 22:14:40 +0000,restaurant,45.41
10/15/2025,Gas,76.23
5/20/2025,market,87.42
8/19/2025,supermarket,70.33
20250121,sports,120.17
3/5/2025,TRANSPORT,28.93
20251012,Restuarant,61.01
2025-05-11 05:33:40 +0000,SPORT,12.1
2025-09-29 03:32:06 +0000,coffee,3.71
4/1/2025,film/enjoyment,43.89
2025-08-09 13:31:57 +0000,business lunch,110.2
2025-03-06 22:08:44 +0000,TRAVEL,734.23
2025-01-11 03:05:27 +0000,Event,-9
5/20/2025,travelling,76.91
12/19/2025,Cab,-23.46
2025-02-15 11:31:50 +0000,Car Rental,55.63
20251213,Phone,40.64
7/29/2025,Supermarket,117.72
2025-05-19 02:33:26 +0000,film/enjoyment,55.15
20250918,Health,221.23
2025-10-17 15:58:12 +0000,OTHER,70.5
2025-01-08 20:05:45 +0000,Coffee,5.46
2025-02-24 21:28:40 +0000,rent,404.96
1/6/2025,learning,137.25
10/22/2025,Coffe,unknown
2025-11-10 03:26:52 +0000,TRANSPORT,21.74
2025-07-03 18:22:29 +0000,Event,93.01
2025-01-15 22:07:49 +0000,Misc,13.49
2025-01-02 05:54:25 +0000,communal,191.43
2025-09-23 20:40:17 +0000,TECH,179.17
6/13/2025,Restaurant,43.99
20250206,Other,83.41
2/13/2025,Coffe,4.57
2025-05-14 02:56:33 +0000,clothes,248.91
2025-01-05 12:03:08 +0000,event,164.15
2025-10-12 11:04:58 +0000,COFFEE,5
5/9/2025,restaurant,45.34
3/25/2025,learning,461.94
20251102,Transports,12.16
7/6/2025,SPORT,145.98
20250604,miscellaneous,196.75
2025-09-13 11:52:58 +0000,Entertainment,13.33
2025-10-21 10:39:51 +0000,transport,4.06
2025-10-02 00:06:26 +0000,Healthcare,71.45
10/1/2025,PHONE,18.65
11/3/2025,Transportation,12.68
2025-09-11 04:12:40 +0000,Transport,11.56
8/11/2025,Sports,57.53
7/17/2025,rent car,??
2025-10-06 14:19:51 +0000,Film/Enjoyment,55.99
12/2/2025,MARKET,61.74
2025-10-27 14:35:24 +0000,technology,??
20250703,Coffe,-38.96
2025-07-26 08:19:49 +0000,Events,100.88
2/11/2025,Coffee,
20250201,Clothes,257.29
2025-04-03 11:33:59 +0000,gas,37.75
1/16/2025,Film,32.99
20250325,resto,18.4
20250727,Transportation,2.66
11/11/2025,clothing,144.97
5/7/2025,motel,242.98
8/30/2025,taxi,47.63
2025-05-15 15:38:58 +0000,clothes,108.92
20250204,taxi,7.85
20250515,Supermarket,5.48
2025-04-09 04:36:03 +0000,resto,69.52
2025-10-23 16:35:59 +0000,Business Lunch,50.29
2/8/2025,film/enjoyment,50.73
2025-07-28 20:55:27 +0000,cafe,4.06
2025-01-02 08:23:00 +0000,Coffee,3.6
2025-11-02 04:51:28 +0000,OTHER,147.59
2025-06-15 15:39:06 +0000,resto,77.95
2025-07-30 05:14:01 +0000,miscellaneous,17.75
6/25/2025,EVENT,174.71
9/1/2025,Restuarant,25.88
20250225,RESTAURANT,49.31
3/15/2025,Phone Bill,29.51
2025-10-02 07:58:25 +0000,market,90
10/5/2025,cafe,-32.05
2025-08-26 10:18:54 +0000,SPORT,-47.03
2025-05-07 19:38:35 +0000,RESTAURANT,14.05
3/2/2025,Rent Car,45.84
2025-03-23 06:28:53 +0000,market,50
20250422,Cafe,3.12
2025-12-26 21:03:20 +0000,MARKET,20.74
2025-11-19 22:59:08 +0000,TRANSPORT,27.81
2025-11-30 11:26:46 +0000,MARKET,79.87
2025-06-28 14:12:12 +0000,other,183.96
2025-12-16 20:18:09 +0000,sport,89.51
2025-10-26 11:42:28 +0000,Taxi,40.89
20250314,Film,56.67
8/22/2025,Rent,771.42
2025-03-29 08:19:38 +0000,Coffee,8.13
2025-12-23 14:35:52 +0000,Restaurent,10.77
20250630,HEALTH,197.68
2025-06-03 01:49:56 +0000,TRANSPORT,8.26
8/16/2025,market,41.16
10/10/2025,Phone Bill,46.47
2025-08-15 02:41:19 +0000,Learning,333.97
2025-12-11 18:07:30 +0000,Restaurent,27.33
2025-12-05 02:46:41 +0000,tech,2265.3
5/22/2025,Transports,6.6
2025-04-26 13:16:41 +0000,Restaurent,47.17
2025-11-05 11:46:47 +0000,RESTAURANT,69.81
2025-09-23 04:36:12 +0000,misc,95.18
20250510,Fuel,40.46
2025-10-16 23:54:04 +0000,communal,112.32
2025-06-07 21:36:25 +0000,other,111.59
2025-01-22 04:10:39 +0000,clothes,127.48
2025-02-13 20:00:30 +0000,Coffe,4.19
10/24/2025,restaurant,49.33
2025-01-23 11:48:15 +0000,Sports,66.77
2025-04-20 01:56:57 +0000,Misc,120.84
1/1/2025,EVENT,19.77
20250429,Healthcare,102.84
20251023,Cafe,9.36
2025-06-14 13:30:36 +0000,restaurant,39.03
20250511,Motel,108.68
2025-02-25 15:54:13 +0000,Transportation,12.62
20250516,business lunch,58.67
20250930,coffee,3.43
3/22/2025,supermarket,unknown
3/23/2025,Restaurant,-22.06
2025-06-20 06:02:35 +0000,Restaurant,30.97
20250516,market,54.12
2025-11-15 23:08:20 +0000,supermarket,93.14
2025-06-16 16:57:33 +0000,Film/Enjoyment,21.78
2025-04-23 11:21:28 +0000,FUEL,63.8
20251226,cab,??
4/27/2025,Taxi,27.93
3/12/2025,Transports,-37.44
20251010,Transport,??
12/26/2025,PHONE,13.62
20250603,transport,4.65
2025-10-04 21:46:03 +0000,Transportation,24.78
2025-09-17 19:19:40 +0000,Supermarket,
20250802,clothing,142.43
2025-02-18 06:19:11 +0000,health,39.13
2025-10-20 03:39:05 +0000,sport,128.56
2025-06-30 21:48:38 +0000,Coffe,7.55
6/24/2025,clothes,119.4
2025-07-15 04:49:01 +0000,Transports,10.93
2025-03-15 20:42:41 +0000,market,
20250805,Misc,106.89
2025-01-23 18:06:18 +0000,Restaurent,61.14
20250510,restaurant,71.34
2025-04-01 06:53:29 +0000,Transport,3.58
2025-01-28 04:10:11 +0000,Restuarant,25.4
2025-08-23 13:12:49 +0000,Clothes,287.19
2025-09-14 17:27:19 +0000,coffee,9.92
2025-11-27 01:42:37 +0000,PHONE,-35.12
20251028,coffee,2.34
20250721,Learning,496.18
2025-06-11 17:44:57 +0000,Fuel,90.16
20250212,car rental,155.99
20250325,Cab,20.53
2025-02-24 21:50:40 +0000,Phone Bill,48.92
2025-10-15 22:59:46 +0000,Transports,25.5
2025-04-03 16:03:07 +0000,phone,34.51
2025-04-11 11:32:15 +0000,Restaurant,37.58
20250618,TAXI,37.73
20250901,Restaurant,64.1
20250815,Tech,409.71
2025-05-16 00:05:39 +0000,supermarket,55.93
1/22/2025,healthcare,118.63
12/29/2025,TECH,970.72
20251110,Transport,9.93
2025-02-11 14:12:12 +0000,MARKET,75.58
2025-09-29 17:23:31 +0000,cafe,6.04
2025-04-14 04:35:14 +0000,car rental,162.16
2025-05-09 00:26:12 +0000,SPORT,141.78
2025-07-09 00:07:14 +0000,SPORT,28.9
20250611,Business_Lunch,74.42
2025-11-10 10:32:18 +0000,Communal,183.14
2025-02-05 02:19:43 +0000,gas,78.68
2025-09-16 15:29:56 +0000,technology,1722.17
1/8/2025,OTHER,133.51
2025-11-03 12:08:46 +0000,Rent,990.52
20250206,transport,16.44
2025-07-24 17:25:04 +0000,Supermarket,97.55
2025-10-16 13:52:28 +0000,market,101.05
2025-12-15 11:26:20 +0000,misc,63.95
10/6/2025,TRANSPORT,22.71
12/31/2025,restaurant,55.96
7/29/2025,business_lunch,114.88
2025-03-14 21:00:41 +0000,miscellaneous,71.68
12/10/2025,market,12.76
2025-06-26 17:27:14 +0000,RESTAURANT,57.78
2025-03-30 14:15:01 +0000,business lunch,110.14
2025-08-22 13:49:35 +0000,HEALTH,34.99
2025-04-28 09:33:22 +0000,MARKET,14.53
2025-02-02 05:29:26 +0000,Entertainment,19.6
2025-03-11 07:37:41 +0000,Transport,13.53
2025-06-08 13:58:38 +0000,Hotel,-25.11
9/2/2025,sports,94.68
5/20/2025,Hotel,238.97
20250626,COFFEE,6.03
2025-09-07 15:11:26 +0000,Hotel,88.81
2025-05-21 00:59:08 +0000,resto,44.96
7/24/2025,MARKET,25.07
20251012,FUEL,91.52
2025-07-19 07:01:05 +0000,Biz Lunch,-22.36
20250209,Utilities,124.92
2025-10-30 19:46:41 +0000,market,64.32
2/11/2025,business_lunch,116.87
2025-07-18 05:07:59 +0000,travel,353.33
12/20/2025,Transports,-26.11
3/14/2025,Transportation,3.06
2025-10-10 09:21:08 +0000,coffee,4.44
20250902,misc,116.7
12/23/2025,technology,1047.92
2025-09-04 19:24:53 +0000,Education,167.09
2025-03-27 16:09:52 +0000,Restaurent,34.86
2025-08-28 15:15:22 +0000,RESTAURANT,9.68
2025-06-07 09:54:08 +0000,Events,40.66
2025-06-24 09:37:17 +0000,Supermarket,95.45
2025-05-21 14:12:55 +0000,transport,19.12
1/23/2025,Transport,14.46
2025-01-31 13:38:28 +0000,Technology,680.19
2025-03-06 06:50:46 +0000,SPORT,16.79
2025-10-07 04:53:54 +0000,motel,97.61
20251113,Sport,96.59
20250908,Car Rental,-40.12
2025-04-02 00:12:45 +0000,learning,129.42
2025-05-24 01:12:05 +0000,misc,24.92
2025-03-16 04:21:55 +0000,TRANSPORT,29.75
2025-09-30 03:34:00 +0000,COMMUNAL,187.43
2025-03-26 06:38:09 +0000,car rental,185.91
20251113,Sport,
2025-08-04 08:06:56 +0000,restaurant,44.34
1/28/2025,rent,1291.34
8/22/2025,cafe,7.66
2025-10-18 19:17:58 +0000,market,105.13
2025-09-06 14:22:49 +0000,Healthcare,75.9
7/30/2025,RESTAURANT,42.03
2025-03-06 06:14:25 +0000,restaurant,46.36
2025-02-02 19:39:06 +0000,Misc,27.2
2025-10-17 12:33:10 +0000,sports,18.82
20250721,cafe,6.38
2025-09-08 21:22:51 +0000,Market,36.15
20251105,coffee,2.61
2025-10-30 02:50:39 +0000,business lunch,34.42
6/7/2025,RESTAURANT,15.53
2025-05-02 07:41:44 +0000,communal,75.89
4/17/2025,travel,465.31
2025-06-19 22:30:09 +0000,Coffee,
2025-11-07 07:12:59 +0000,Event,
1/20/2025,Transports,13.03
10/19/2025,Communal,126.54
4/15/2025,Rental,960.07
8/27/2025,MOTEL,??
2025-01-01 09:57:54 +0000,MOTEL,129.72
20250611,Film,49.07
20250527,Other,130.67
20250910,OTHER,43.29
10/11/2025,PHONE,40.39
10/14/2025,Restaurant,76.41
2025-10-30 06:49:56 +0000,Restaurant,75.35
2025-09-21 08:17:43 +0000,rent,
8/17/2025,COFFEE,9.33
2025-09-21,Communal,122.37
20250109,clothing,97.87
2025-12-30 20:06:32 +0000,FUEL,66.16
2025-11-24 17:57:11 +0000,Other,119.76
2025-12-24 14:26:37 +0000,technology,398.91
9/5/2025,clothing,75.26
5/23/2025,Business Lunch,103.85
20250216,transport,25.31
2025-07-24 17:40:57 +0000,Supermarket,100.84
1/30/2025,CLOTHING,103
2025-04-07 09:26:32 +0000,market,112.24
2025-09-16 18:10:42 +0000,business_lunch,39.38
2025-11-26 23:26:08 +0000,RENT,unknown
2025-03-07 12:35:46 +0000,cab,35.08
2025-08-18 23:32:47 +0000,education,84.54
2/20/2025,Transport,8.56
20251106,restaurant,76.46
2025-03-04 13:26:25 +0000,Rent,610.48
2025-05-04 02:00:23 +0000,Restuarant,
20250827,Film,36.65
2025-04-02 12:14:41 +0000,TRANSPORT,20.59
2025-12-23 04:50:04 +0000,Restaurent,
2025-11-11 05:04:51 +0000,Phone,59.95
4/19/2025,Business Lunch,76.05
2025-09-01 09:54:23 +0000,Coffe,6.16
2/4/2025,Transport,2.16
2025-12-06 19:42:49 +0000,Restaurent,
2025-01-16 09:09:24 +0000,other,165.36
20251101,resto,17.83
2025-12-19 18:49:45 +0000,Market,30.61
2025-12-25 13:51:37 +0000,film/enjoyment,38.5
20250312,transport,28.15
2025-06-15 16:38:10 +0000,MARKET,41.12
2025-10-01 22:37:52 +0000,restaurant,25.73
2025-02-04 19:34:21 +0000,Cafe,4.65
2025-01-23 15:09:18 +0000,motel,67.29
12/12/2025,resto,68.66
2025-02-25 05:09:27 +0000,COFFEE,9.79
20251127,Phone Bill,21.78
2025-06-09 06:32:46 +0000,MARKET,81.45
4/13/2025,TECH,405.5
20250706,Events,24.3
20250601,misc,6.77
2025-12-05 10:21:00 +0000,phone,56.26
20250706,Phone Bill,51.41
2025-01-26 06:28:08 +0000,business_lunch,115.33
2025-11-23 17:40:40 +0000,RentCar,55.56
2025-02-04 12:54:28 +0000,travel,371.78
2025-06-19 08:45:16 +0000,Event,153.36
20250926,other,59.81
2025-05-29 02:04:14 +0000,Restaurant,47.5
2025-05-19 01:39:26 +0000,coffee,3.24
2025-02-08 00:37:20 +0000,coffee,7.59
2025-03-13 23:39:35 +0000,Gas,96.23
2025-02-17 00:28:06 +0000,Rent,540.62
2025-08-24 10:11:13 +0000,Clothing,169.01
2025-12-28 03:54:53 +0000,restaurant,42.2
6/15/2025,Market,86.22
21-Jan-25,Restaurant,78.24
21-Nov-25,RESTAURANT,44.42
21/09/2025,OTHER,44.5
21/08/2025,clothing,-7.19
21/08/2025,PHONE,-9.78
21/03/2025,Sport,139.42
21/05/2025,gas,49.47
21/12/2025,resto,42.95
21/12/2025,Misc,141.14
22-Aug-25,Supermarket,10.51
22-Aug-25,sport,88.46
22-Aug-25,Phone,39.71
22-Apr-25,Health,39.98
22-Jan-25,utilities,73.85
22-Mar-25,Clothes,-10.55
22-Nov-25,rental,543.96
22-Oct-25,Health,81.99
22/04/2025,utilities,181.26
22/08/2025,Restaurent,8.05
22/07/2025,Clothes,162.71
22/03/2025,Gas,67.82
22/02/2025,Market,
22/12/2025,COFFEE,8.22
23-Dec-25,Transport,21.47
23-Sep-25,Other,41.96
23/01/2025,Restaurant,66.7
23/05/2025,Restaurant,
23/05/2025,Entertainment,21.61
23/06/2025,HEALTH,82.45
23/11/2025,miscellaneous,166.13
23/12/2025,RESTAURANT,43.72
24-Aug-25,misc,96.18
24-Jul-25,resto,53.07
24-May-25,restaurant,60.08
24/07/2025,HEALTH,N/A
24/04/2025,Film/Enjoyment,-5.02
24/07/2025,RESTAURANT,69.36
24/03/2025,Gas,62.52
25-Aug-25,market,??
25-Dec-25,Communal,190.61
25-Feb-25,transport,29.2
25-Mar-25,Restaurant,-40.94
25-May-25,Business Lunch,43.53
25-May-25,gas,66.5
25/02/2025,Supermarket,16.78
25/07/2025,Communal,-36.78
25/09/2025,Health,118.46
26-Apr-25,RESTAURANT,23.93
26-Apr-25,phone,13.16
26-Nov-25,Business_Lunch,43.16
26/02/2025,Travel,474.09
26/05/2025,Event,86.48
26/06/2025,Supermarket,30.89
26/07/2025,OTHER,93.75
26/10/2025,Restuarant,
27-Aug-25,EVENT,43.62
27-Dec-25,market,65
27-Dec-25,RENT,1335.94
27-Jan-25,HEALTH,101.74
27-Jun-25,Restaurent,17.86
27-Jul-25,Coffe,
27-Jul-25,MARKET,72.97
27/01/2025,RentCar,49.96
27/12/2025,Sports,85.26
27/11/2025,Transports,20.58
28-Aug-25,hotel,239.66
28-Jun-25,Coffee,3.29
28-Sep-25,Restaurant,19.38
28/07/2025,Mobile,21.28
28/06/2025,fuel,92.41
28/06/2025,RENT,429.16
28/04/2025,miscellaneous,20.73
28/03/2025,MARKET,50.9
28/08/2025,Entertainment,22.94
29-Aug-25,healthcare,-32.42
29-Jul-25,restaurant,50.52
29-Sep-25,Technology,-46.7
29/09/2025,LEARNING,273.93
29/04/2025,RESTAURANT,25.9
29/06/2025,LEARNING,126.06
29/05/2025,Communal,-37.14
29/06/2025,Other,108.1
29/12/2025,market,44.34
30-Jan-25,Phone,37.34
30-Jan-25,Transports,25.8
30-Nov-25,communal,65.57
30/08/2025,Mobile,20.02
31-Mar-25,other,109.02
31-Oct-25,resto,70.65
31/05/2025,fuel,86.57
31/12/2025,restaurant,77.3
31/12/2025,sports,85.16
31/10/2025,supermarket,10.33
29-Apr-25,sport,20.84
7-Apr-25,Taxi,30.23
10-Apr-25,OTHER,33.3
16-Apr-25,misc,162.82
2-Apr-25,Motel,208.22
14-Apr-25,TRANSPORT,24.89
8-Apr-25,clothing,126.84
22-Aug-25,taxi,42.66
15-Aug-25,Hotel,173.87
14-Aug-25,Coffe,8.57
25-Aug-25,Clothing,56.85
31-Aug-25,Phone,35.95
22-Aug-25,Clothing,173.25
31-Aug-25,Transportation,2.85
11-Dec-25,RESTAURANT,27.39
3-Dec-25,cafe,9.75
17-Dec-25,Coffe,5.71
21-Dec-25,SPORT,29.37
4-Dec-25,sports,19.12
31-Dec-25,film,30.79
8-Dec-25,Car Rental,170.36
3-Dec-25,Transport,9.31
16-Feb-25,Transport,26.36
6-Feb-25,RentCar,94.19
23-Feb-25,Learning,53.84
7-Feb-25,event,179.82
3-Feb-25,Transport,7.74
17-Feb-25,Event,-18.41
3-Feb-25,Clothes,33.6
1-Feb-25,Restaurant,76.83
21-Feb-25,RESTAURANT,73.3
27-Jan-25,Phone,39.65
9-Jan-25,event,50.38
28-Jan-25,Sport,84.59
16-Jan-25,TAXI,24.42
16-Jan-25,sports,59.76
11-Jan-25,cafe,-9.93
28-Jan-25,misc,136.62
4-Jan-25,Coffee,2.76
18-Jan-25,MARKET,108.06
9-Jul-25,Phone Bill,24.63
2-Jul-25,Market,106.94
3-Jul-25,phone,15.21
26-Jul-25,Tech,2025.97
14-Jul-25,resto,44.01
27-Jul-25,clothes,48.75
6-Jul-25,Coffee,7.69
29-Jul-25,COMMUNAL,97.71
6-Jun-25,Supermarket,60.86
16-Jun-25,Gas,45.21
8-Jun-25,restaurant,23.14
18-Jun-25,business_lunch,59.79
17-Jun-25,Restaurant,25.41
26-Jun-25,Restaurent,52.94
19-Jun-25,other,134.52
2-Jun-25,TRANSPORT,12.18
20-Jun-25,health,165.51
20-Mar-25,cafe,6.19
15-Mar-25,coffee,8.3
31-Mar-25,Biz Lunch,60.85
11-Mar-25,Business_Lunch,98.93
29-Mar-25,EVENT,160.94
16-Mar-25,Business Lunch,87.87
1-Mar-25,Cafe,6.32
2-Mar-25,tech,287.76
30-Mar-25,Market,15.86
23-Mar-25,Health,288.04
27-May-25,Transport,24.91
23-May-25,business_lunch,110.69
2-May-25,taxi,
25-May-25,Learning,81.81
13-May-25,RESTAURANT,35.38
4-May-25,cafe,2.27
7-May-25,tech,1042.13
18-May-25,technology,2442.54
11-May-25,clothing,179.25
27-May-25,Misc,132.22
8-Nov-25,gas,60.56
5-Nov-25,cafe,-14.5
20-Nov-25,Other,-37.58
15-Nov-25,Coffe,6.62
3-Nov-25,taxi,45.47
11-Nov-25,MARKET,44.94
9-Oct-25,clothes,130.07
23-Oct-25,Taxi,24.74
17-Oct-25,sport,71.89
24-Oct-25,misc,11.06
9-Oct-25,technology,1783.73
2-Oct-25,gas,90.23
27-Sep-25,Market,82.89
25-Sep-25,Clothes,92.81
28-Sep-25,Other,44.9
25-Sep-25,Phone Bill,16.42
27-Sep-25,OTHER,125.67
29-Sep-25,resto,76.3
15-Sep-25,miscellaneous,146.39
20-Sep-25,restaurant,62.99
